"id","firstname","lastname","filename","path","added_date"
1,"sef","eare","abc.jpg","resources/abc.jpg","2022-07-12 15:17:26"
2,"anant","gupta","temp.png","resources/temp.png","2022-07-13 09:57:34"
3,"pk","qw","temp.png","resources/temp.png","2022-07-13 10:03:34"
4,"pk","g","demo.jrxml","resources/demo.jrxml","2022-07-12 15:40:30"
5,"prakash","gupta","pk.png","resources/pk.png","2022-07-12 15:21:01"
6,"awerq","rf","temp.png","resources/temp.png","2022-07-13 10:05:38"
23,"prakash","wrfw","temp.png","resources/temp.png","2022-07-13 10:11:06"
54,"prakash","gupta","pk.png","resources/pk.png","2022-07-12 17:42:43"